{"accuracy": [0.26594090461730957, 0.42612752318382263, 0.5318818092346191, 0.5750389099121094, 0.6228615641593933, 0.6590202450752258, 0.6765163540840149, 0.6982892751693726, 0.7181181907653809, 0.7235614061355591], "loss": [1.9926167726516724, 1.5371766090393066, 1.288146734237671, 1.1588969230651855, 1.0450990200042725, 0.9625627398490906, 0.9177567958831787, 0.8688769340515137, 0.8042761087417603, 0.8032530546188354], "val_accuracy": [0.38593751192092896, 0.4984374940395355, 0.5234375, 0.59375, 0.5921875238418579, 0.6187499761581421, 0.621874988079071, 0.628125011920929, 0.6312500238418579, 0.6546875238418579], "val_loss": [1.6311429738998413, 1.4076192378997803, 1.2420897483825684, 1.177605390548706, 1.099428415298462, 1.0533274412155151, 1.0194244384765625, 0.9905950427055359, 0.9907008409500122, 0.9461113214492798]}