{"accuracy": [0.5497287511825562, 0.8336347341537476, 0.8625677824020386, 0.8661844730377197, 0.8481012582778931, 0.8806509971618652, 0.8571428656578064, 0.8661844730377197, 0.8607594966888428, 0.8770343661308289], "loss": [0.9839849472045898, 0.4457380771636963, 0.45984891057014465, 0.4428005516529083, 0.43740057945251465, 0.39057308435440063, 0.413444846868515, 0.4037148952484131, 0.4128747880458832, 0.40142935514450073], "val_accuracy": [0.8768116235733032, 0.8840579986572266, 0.8913043737411499, 0.8913043737411499, 0.8913043737411499, 0.8913043737411499, 0.8840579986572266, 0.8913043737411499, 0.8840579986572266, 0.8913043737411499], "val_loss": [0.4092986583709717, 0.38440951704978943, 0.3934832811355591, 0.3439646065235138, 0.41112595796585083, 0.3892710506916046, 0.3499636650085449, 0.34665748476982117, 0.3636079728603363, 0.39248529076576233]}