{"accuracy": [0.8101266026496887, 0.8734177350997925, 0.8824593424797058, 0.8734177350997925, 0.8643761277198792, 0.8679927587509155, 0.8698011040687561, 0.8679927587509155, 0.8716093897819519, 0.8716093897819519], "loss": [0.48917800188064575, 0.4519510269165039, 0.4467187225818634, 0.42872700095176697, 0.4402470886707306, 0.4076591730117798, 0.397156685590744, 0.4345076084136963, 0.41841405630111694, 0.40920865535736084], "val_accuracy": [0.8913043737411499, 0.8913043737411499, 0.8913043737411499, 0.8913043737411499, 0.8913043737411499, 0.8913043737411499, 0.8913043737411499, 0.8913043737411499, 0.8913043737411499, 0.8913043737411499], "val_loss": [0.4502934217453003, 0.3950866460800171, 0.35888317227363586, 0.3739899694919586, 0.36683744192123413, 0.4107210040092468, 0.366594135761261, 0.369795560836792, 0.35849303007125854, 0.35261449217796326]}